-- ----------------------------
-- 1、部门表
-- ----------------------------
drop table if exists sys_dept;
create table sys_dept (
  dept_id           bigint(20)      not null auto_increment    comment '部门id',
  parent_id         bigint(20)      default 0                  comment '父部门id',
  ancestors         varchar(50)     default ''                 comment '祖级列表',
  dept_name         varchar(30)     default ''                 comment '部门名称',
  order_num         int(4)          default 0                  comment '显示顺序',
  leader            varchar(20)     default null               comment '负责人',
  phone             varchar(11)     default null               comment '联系电话',
  email             varchar(50)     default null               comment '邮箱',
  status            char(1)         default '0'                comment '部门状态（0正常 1停用）',
  del_flag          char(1)         default '0'                comment '删除标志（0代表存在 2代表删除）',
  create_by         varchar(64)     default ''                 comment '创建者',
  create_time 	    datetime                                   comment '创建时间',
  update_by         varchar(64)     default ''                 comment '更新者',
  update_time       datetime                                   comment '更新时间',
  primary key (dept_id)
) engine=innodb auto_increment=200 comment = '部门表';

-- ----------------------------
-- 初始化-部门表数据
-- ----------------------------
insert into sys_dept values(100,  0,   '0',          '书城科技',   0, '书城', '15888888888', 'xhbookstore@qq.com', '0', '0', 'admin', sysdate(), '', null);
insert into sys_dept values(101,  100, '0,100',      '深圳总公司', 1, '书城', '15888888888', 'xhbookstore@qq.com', '0', '0', 'admin', sysdate(), '', null);
insert into sys_dept values(102,  100, '0,100',      '长沙分公司', 2, '书城', '15888888888', 'xhbookstore@qq.com', '0', '0', 'admin', sysdate(), '', null);
insert into sys_dept values(103,  101, '0,100,101',  '研发部门',   1, '书城', '15888888888', 'xhbookstore@qq.com', '0', '0', 'admin', sysdate(), '', null);
insert into sys_dept values(104,  101, '0,100,101',  '市场部门',   2, '书城', '15888888888', 'xhbookstore@qq.com', '0', '0', 'admin', sysdate(), '', null);
insert into sys_dept values(105,  101, '0,100,101',  '测试部门',   3, '书城', '15888888888', 'xhbookstore@qq.com', '0', '0', 'admin', sysdate(), '', null);
insert into sys_dept values(106,  101, '0,100,101',  '财务部门',   4, '书城', '15888888888', 'xhbookstore@qq.com', '0', '0', 'admin', sysdate(), '', null);
insert into sys_dept values(107,  101, '0,100,101',  '运维部门',   5, '书城', '15888888888', 'xhbookstore@qq.com', '0', '0', 'admin', sysdate(), '', null);
insert into sys_dept values(108,  102, '0,100,102',  '市场部门',   1, '书城', '15888888888', 'xhbookstore@qq.com', '0', '0', 'admin', sysdate(), '', null);
insert into sys_dept values(109,  102, '0,100,102',  '财务部门',   2, '书城', '15888888888', 'xhbookstore@qq.com', '0', '0', 'admin', sysdate(), '', null);


-- ----------------------------
-- 2、用户信息表
-- ----------------------------
drop table if exists sys_user;
create table sys_user (
  user_id           bigint(20)      not null auto_increment    comment '用户ID',
  dept_id           bigint(20)      default null               comment '部门ID',
  user_name         varchar(30)     not null                   comment '用户账号',
  nick_name         varchar(30)     not null                   comment '用户昵称',
  user_type         varchar(2)      default '00'               comment '用户类型（00系统用户）',
  email             varchar(50)     default ''                 comment '用户邮箱',
  phonenumber       varchar(11)     default ''                 comment '手机号码',
  sex               char(1)         default '0'                comment '用户性别（0男 1女 2未知）',
  avatar            varchar(100)    default ''                 comment '头像地址',
  password          varchar(100)    default ''                 comment '密码',
  status            char(1)         default '0'                comment '账号状态（0正常 1停用）',
  del_flag          char(1)         default '0'                comment '删除标志（0代表存在 2代表删除）',
  login_ip          varchar(128)    default ''                 comment '最后登录IP',
  login_date        datetime                                   comment '最后登录时间',
  pwd_update_date   datetime                                   comment '密码最后更新时间',
  create_by         varchar(64)     default ''                 comment '创建者',
  create_time       datetime                                   comment '创建时间',
  update_by         varchar(64)     default ''                 comment '更新者',
  update_time       datetime                                   comment '更新时间',
  remark            varchar(500)    default null               comment '备注',
  primary key (user_id)
) engine=innodb auto_increment=100 comment = '用户信息表';

-- ----------------------------
-- 初始化-用户信息表数据
-- ----------------------------
insert into sys_user values(1,  103, 'admin', '书城', '00', 'xhbookstore@163.com', '15888888888', '1', '', '$2a$10$7JB720yubVSZvUI0rEqK/.VqGOZTH.ulu33dHOiBE8ByOhJIrdAu2', '0', '0', '127.0.0.1', sysdate(), sysdate(), 'admin', sysdate(), '', null, '管理员');
insert into sys_user values(2,  105, 'ry',    '书城', '00', 'xhbookstore@qq.com',  '15666666666', '1', '', '$2a$10$7JB720yubVSZvUI0rEqK/.VqGOZTH.ulu33dHOiBE8ByOhJIrdAu2', '0', '0', '127.0.0.1', sysdate(), sysdate(), 'admin', sysdate(), '', null, '测试员');


-- ----------------------------
-- 3、岗位信息表
-- ----------------------------
drop table if exists sys_post;
create table sys_post
(
  post_id       bigint(20)      not null auto_increment    comment '岗位ID',
  post_code     varchar(64)     not null                   comment '岗位编码',
  post_name     varchar(50)     not null                   comment '岗位名称',
  post_sort     int(4)          not null                   comment '显示顺序',
  status        char(1)         not null                   comment '状态（0正常 1停用）',
  create_by     varchar(64)     default ''                 comment '创建者',
  create_time   datetime                                   comment '创建时间',
  update_by     varchar(64)     default ''			       comment '更新者',
  update_time   datetime                                   comment '更新时间',
  remark        varchar(500)    default null               comment '备注',
  primary key (post_id)
) engine=innodb comment = '岗位信息表';

-- ----------------------------
-- 初始化-岗位信息表数据
-- ----------------------------
insert into sys_post values(1, 'ceo',  '董事长',    1, '0', 'admin', sysdate(), '', null, '');
insert into sys_post values(2, 'se',   '项目经理',  2, '0', 'admin', sysdate(), '', null, '');
insert into sys_post values(3, 'hr',   '人力资源',  3, '0', 'admin', sysdate(), '', null, '');
insert into sys_post values(4, 'user', '普通员工',  4, '0', 'admin', sysdate(), '', null, '');


-- ----------------------------
-- 4、角色信息表
-- ----------------------------
drop table if exists sys_role;
create table sys_role (
  role_id              bigint(20)      not null auto_increment    comment '角色ID',
  role_name            varchar(30)     not null                   comment '角色名称',
  role_key             varchar(100)    not null                   comment '角色权限字符串',
  role_sort            int(4)          not null                   comment '显示顺序',
  data_scope           char(1)         default '1'                comment '数据范围（1：全部数据权限 2：自定数据权限 3：本部门数据权限 4：本部门及以下数据权限）',
  menu_check_strictly  tinyint(1)      default 1                  comment '菜单树选择项是否关联显示',
  dept_check_strictly  tinyint(1)      default 1                  comment '部门树选择项是否关联显示',
  status               char(1)         not null                   comment '角色状态（0正常 1停用）',
  del_flag             char(1)         default '0'                comment '删除标志（0代表存在 2代表删除）',
  create_by            varchar(64)     default ''                 comment '创建者',
  create_time          datetime                                   comment '创建时间',
  update_by            varchar(64)     default ''                 comment '更新者',
  update_time          datetime                                   comment '更新时间',
  remark               varchar(500)    default null               comment '备注',
  primary key (role_id)
) engine=innodb auto_increment=100 comment = '角色信息表';

-- ----------------------------
-- 初始化-角色信息表数据
-- ----------------------------
insert into sys_role values('1', '超级管理员',  'admin',  1, 1, 1, 1, '0', '0', 'admin', sysdate(), '', null, '超级管理员');
insert into sys_role values('2', '普通角色',    'common', 2, 2, 1, 1, '0', '0', 'admin', sysdate(), '', null, '普通角色');


-- ----------------------------
-- 5、菜单权限表
-- ----------------------------
drop table if exists sys_menu;
create table sys_menu (
  menu_id           bigint(20)      not null auto_increment    comment '菜单ID',
  menu_name         varchar(50)     not null                   comment '菜单名称',
  parent_id         bigint(20)      default 0                  comment '父菜单ID',
  order_num         int(4)          default 0                  comment '显示顺序',
  path              varchar(200)    default ''                 comment '路由地址',
  component         varchar(255)    default null               comment '组件路径',
  query             varchar(255)    default null               comment '路由参数',
  route_name        varchar(50)     default ''                 comment '路由名称',
  is_frame          int(1)          default 1                  comment '是否为外链（0是 1否）',
  is_cache          int(1)          default 0                  comment '是否缓存（0缓存 1不缓存）',
  menu_type         char(1)         default ''                 comment '菜单类型（M目录 C菜单 F按钮）',
  visible           char(1)         default 0                  comment '菜单状态（0显示 1隐藏）',
  status            char(1)         default 0                  comment '菜单状态（0正常 1停用）',
  perms             varchar(100)    default null               comment '权限标识',
  icon              varchar(100)    default '#'                comment '菜单图标',
  create_by         varchar(64)     default ''                 comment '创建者',
  create_time       datetime                                   comment '创建时间',
  update_by         varchar(64)     default ''                 comment '更新者',
  update_time       datetime                                   comment '更新时间',
  remark            varchar(500)    default ''                 comment '备注',
  primary key (menu_id)
) engine=innodb auto_increment=2000 comment = '菜单权限表';

-- ----------------------------
-- 初始化-菜单信息表数据
-- ----------------------------
-- 一级菜单
insert into sys_menu values('1', '系统管理', '0', '1', 'system',           null, '', '', 1, 0, 'M', '0', '0', '', 'system',   'admin', sysdate(), '', null, '系统管理目录');
insert into sys_menu values('2', '系统监控', '0', '2', 'monitor',          null, '', '', 1, 0, 'M', '0', '0', '', 'monitor',  'admin', sysdate(), '', null, '系统监控目录');
insert into sys_menu values('3', '系统工具', '0', '3', 'tool',             null, '', '', 1, 0, 'M', '0', '0', '', 'tool',     'admin', sysdate(), '', null, '系统工具目录');
insert into sys_menu values('4', '书城官网', '0', '4', 'http://xhbookstore.com', null, '', '', 0, 0, 'M', '0', '0', '', 'guide',    'admin', sysdate(), '', null, '书城官网地址');
-- 二级菜单
insert into sys_menu values('100',  '用户管理', '1',   '1', 'user',       'system/user/index',        '', '', 1, 0, 'C', '0', '0', 'system:user:list',        'user',          'admin', sysdate(), '', null, '用户管理菜单');
insert into sys_menu values('101',  '角色管理', '1',   '2', 'role',       'system/role/index',        '', '', 1, 0, 'C', '0', '0', 'system:role:list',        'peoples',       'admin', sysdate(), '', null, '角色管理菜单');
insert into sys_menu values('102',  '菜单管理', '1',   '3', 'menu',       'system/menu/index',        '', '', 1, 0, 'C', '0', '0', 'system:menu:list',        'tree-table',    'admin', sysdate(), '', null, '菜单管理菜单');
insert into sys_menu values('103',  '部门管理', '1',   '4', 'dept',       'system/dept/index',        '', '', 1, 0, 'C', '0', '0', 'system:dept:list',        'tree',          'admin', sysdate(), '', null, '部门管理菜单');
insert into sys_menu values('104',  '岗位管理', '1',   '5', 'post',       'system/post/index',        '', '', 1, 0, 'C', '0', '0', 'system:post:list',        'post',          'admin', sysdate(), '', null, '岗位管理菜单');
insert into sys_menu values('105',  '字典管理', '1',   '6', 'dict',       'system/dict/index',        '', '', 1, 0, 'C', '0', '0', 'system:dict:list',        'dict',          'admin', sysdate(), '', null, '字典管理菜单');
insert into sys_menu values('106',  '参数设置', '1',   '7', 'config',     'system/config/index',      '', '', 1, 0, 'C', '0', '0', 'system:config:list',      'edit',          'admin', sysdate(), '', null, '参数设置菜单');
insert into sys_menu values('107',  '通知公告', '1',   '8', 'notice',     'system/notice/index',      '', '', 1, 0, 'C', '0', '0', 'system:notice:list',      'message',       'admin', sysdate(), '', null, '通知公告菜单');
insert into sys_menu values('108',  '日志管理', '1',   '9', 'log',        '',                         '', '', 1, 0, 'M', '0', '0', '',                        'log',           'admin', sysdate(), '', null, '日志管理菜单');
insert into sys_menu values('109',  '在线用户', '2',   '1', 'online',     'monitor/online/index',     '', '', 1, 0, 'C', '0', '0', 'monitor:online:list',     'online',        'admin', sysdate(), '', null, '在线用户菜单');
insert into sys_menu values('110',  '定时任务', '2',   '2', 'job',        'monitor/job/index',        '', '', 1, 0, 'C', '0', '0', 'monitor:job:list',        'job',           'admin', sysdate(), '', null, '定时任务菜单');
insert into sys_menu values('111',  '数据监控', '2',   '3', 'druid',      'monitor/druid/index',      '', '', 1, 0, 'C', '0', '0', 'monitor:druid:list',      'druid',         'admin', sysdate(), '', null, '数据监控菜单');
insert into sys_menu values('112',  '服务监控', '2',   '4', 'server',     'monitor/server/index',     '', '', 1, 0, 'C', '0', '0', 'monitor:server:list',     'server',        'admin', sysdate(), '', null, '服务监控菜单');
insert into sys_menu values('113',  '缓存监控', '2',   '5', 'cache',      'monitor/cache/index',      '', '', 1, 0, 'C', '0', '0', 'monitor:cache:list',      'redis',         'admin', sysdate(), '', null, '缓存监控菜单');
insert into sys_menu values('114',  '缓存列表', '2',   '6', 'cacheList',  'monitor/cache/list',       '', '', 1, 0, 'C', '0', '0', 'monitor:cache:list',      'redis-list',    'admin', sysdate(), '', null, '缓存列表菜单');
insert into sys_menu values('115',  '表单构建', '3',   '1', 'build',      'tool/build/index',         '', '', 1, 0, 'C', '0', '0', 'tool:build:list',         'build',         'admin', sysdate(), '', null, '表单构建菜单');
insert into sys_menu values('116',  '代码生成', '3',   '2', 'gen',        'tool/gen/index',           '', '', 1, 0, 'C', '0', '0', 'tool:gen:list',           'code',          'admin', sysdate(), '', null, '代码生成菜单');
insert into sys_menu values('117',  '系统接口', '3',   '3', 'swagger',    'tool/swagger/index',       '', '', 1, 0, 'C', '0', '0', 'tool:swagger:list',       'swagger',       'admin', sysdate(), '', null, '系统接口菜单');
-- 三级菜单
insert into sys_menu values('500',  '操作日志', '108', '1', 'operlog',    'monitor/operlog/index',    '', '', 1, 0, 'C', '0', '0', 'monitor:operlog:list',    'form',          'admin', sysdate(), '', null, '操作日志菜单');
insert into sys_menu values('501',  '登录日志', '108', '2', 'logininfor', 'monitor/logininfor/index', '', '', 1, 0, 'C', '0', '0', 'monitor:logininfor:list', 'logininfor',    'admin', sysdate(), '', null, '登录日志菜单');
-- 用户管理按钮
insert into sys_menu values('1000', '用户查询', '100', '1',  '', '', '', '', 1, 0, 'F', '0', '0', 'system:user:query',          '#', 'admin', sysdate(), '', null, '');
insert into sys_menu values('1001', '用户新增', '100', '2',  '', '', '', '', 1, 0, 'F', '0', '0', 'system:user:add',            '#', 'admin', sysdate(), '', null, '');
insert into sys_menu values('1002', '用户修改', '100', '3',  '', '', '', '', 1, 0, 'F', '0', '0', 'system:user:edit',           '#', 'admin', sysdate(), '', null, '');
insert into sys_menu values('1003', '用户删除', '100', '4',  '', '', '', '', 1, 0, 'F', '0', '0', 'system:user:remove',         '#', 'admin', sysdate(), '', null, '');
insert into sys_menu values('1004', '用户导出', '100', '5',  '', '', '', '', 1, 0, 'F', '0', '0', 'system:user:export',         '#', 'admin', sysdate(), '', null, '');
insert into sys_menu values('1005', '用户导入', '100', '6',  '', '', '', '', 1, 0, 'F', '0', '0', 'system:user:import',         '#', 'admin', sysdate(), '', null, '');
insert into sys_menu values('1006', '重置密码', '100', '7',  '', '', '', '', 1, 0, 'F', '0', '0', 'system:user:resetPwd',       '#', 'admin', sysdate(), '', null, '');
-- 角色管理按钮
insert into sys_menu values('1007', '角色查询', '101', '1',  '', '', '', '', 1, 0, 'F', '0', '0', 'system:role:query',          '#', 'admin', sysdate(), '', null, '');
insert into sys_menu values('1008', '角色新增', '101', '2',  '', '', '', '', 1, 0, 'F', '0', '0', 'system:role:add',            '#', 'admin', sysdate(), '', null, '');
insert into sys_menu values('1009', '角色修改', '101', '3',  '', '', '', '', 1, 0, 'F', '0', '0', 'system:role:edit',           '#', 'admin', sysdate(), '', null, '');
insert into sys_menu values('1010', '角色删除', '101', '4',  '', '', '', '', 1, 0, 'F', '0', '0', 'system:role:remove',         '#', 'admin', sysdate(), '', null, '');
insert into sys_menu values('1011', '角色导出', '101', '5',  '', '', '', '', 1, 0, 'F', '0', '0', 'system:role:export',         '#', 'admin', sysdate(), '', null, '');
-- 菜单管理按钮
insert into sys_menu values('1012', '菜单查询', '102', '1',  '', '', '', '', 1, 0, 'F', '0', '0', 'system:menu:query',          '#', 'admin', sysdate(), '', null, '');
insert into sys_menu values('1013', '菜单新增', '102', '2',  '', '', '', '', 1, 0, 'F', '0', '0', 'system:menu:add',            '#', 'admin', sysdate(), '', null, '');
insert into sys_menu values('1014', '菜单修改', '102', '3',  '', '', '', '', 1, 0, 'F', '0', '0', 'system:menu:edit',           '#', 'admin', sysdate(), '', null, '');
insert into sys_menu values('1015', '菜单删除', '102', '4',  '', '', '', '', 1, 0, 'F', '0', '0', 'system:menu:remove',         '#', 'admin', sysdate(), '', null, '');
-- 部门管理按钮
insert into sys_menu values('1016', '部门查询', '103', '1',  '', '', '', '', 1, 0, 'F', '0', '0', 'system:dept:query',          '#', 'admin', sysdate(), '', null, '');
insert into sys_menu values('1017', '部门新增', '103', '2',  '', '', '', '', 1, 0, 'F', '0', '0', 'system:dept:add',            '#', 'admin', sysdate(), '', null, '');
insert into sys_menu values('1018', '部门修改', '103', '3',  '', '', '', '', 1, 0, 'F', '0', '0', 'system:dept:edit',           '#', 'admin', sysdate(), '', null, '');
insert into sys_menu values('1019', '部门删除', '103', '4',  '', '', '', '', 1, 0, 'F', '0', '0', 'system:dept:remove',         '#', 'admin', sysdate(), '', null, '');
-- 岗位管理按钮
insert into sys_menu values('1020', '岗位查询', '104', '1',  '', '', '', '', 1, 0, 'F', '0', '0', 'system:post:query',          '#', 'admin', sysdate(), '', null, '');
insert into sys_menu values('1021', '岗位新增', '104', '2',  '', '', '', '', 1, 0, 'F', '0', '0', 'system:post:add',            '#', 'admin', sysdate(), '', null, '');
insert into sys_menu values('1022', '岗位修改', '104', '3',  '', '', '', '', 1, 0, 'F', '0', '0', 'system:post:edit',           '#', 'admin', sysdate(), '', null, '');
insert into sys_menu values('1023', '岗位删除', '104', '4',  '', '', '', '', 1, 0, 'F', '0', '0', 'system:post:remove',         '#', 'admin', sysdate(), '', null, '');
insert into sys_menu values('1024', '岗位导出', '104', '5',  '', '', '', '', 1, 0, 'F', '0', '0', 'system:post:export',         '#', 'admin', sysdate(), '', null, '');
-- 字典管理按钮
insert into sys_menu values('1025', '字典查询', '105', '1', '#', '', '', '', 1, 0, 'F', '0', '0', 'system:dict:query',          '#', 'admin', sysdate(), '', null, '');
insert into sys_menu values('1026', '字典新增', '105', '2', '#', '', '', '', 1, 0, 'F', '0', '0', 'system:dict:add',            '#', 'admin', sysdate(), '', null, '');
insert into sys_menu values('1027', '字典修改', '105', '3', '#', '', '', '', 1, 0, 'F', '0', '0', 'system:dict:edit',           '#', 'admin', sysdate(), '', null, '');
insert into sys_menu values('1028', '字典删除', '105', '4', '#', '', '', '', 1, 0, 'F', '0', '0', 'system:dict:remove',         '#', 'admin', sysdate(), '', null, '');
insert into sys_menu values('1029', '字典导出', '105', '5', '#', '', '', '', 1, 0, 'F', '0', '0', 'system:dict:export',         '#', 'admin', sysdate(), '', null, '');
-- 参数设置按钮
insert into sys_menu values('1030', '参数查询', '106', '1', '#', '', '', '', 1, 0, 'F', '0', '0', 'system:config:query',        '#', 'admin', sysdate(), '', null, '');
insert into sys_menu values('1031', '参数新增', '106', '2', '#', '', '', '', 1, 0, 'F', '0', '0', 'system:config:add',          '#', 'admin', sysdate(), '', null, '');
insert into sys_menu values('1032', '参数修改', '106', '3', '#', '', '', '', 1, 0, 'F', '0', '0', 'system:config:edit',         '#', 'admin', sysdate(), '', null, '');
insert into sys_menu values('1033', '参数删除', '106', '4', '#', '', '', '', 1, 0, 'F', '0', '0', 'system:config:remove',       '#', 'admin', sysdate(), '', null, '');
insert into sys_menu values('1034', '参数导出', '106', '5', '#', '', '', '', 1, 0, 'F', '0', '0', 'system:config:export',       '#', 'admin', sysdate(), '', null, '');
-- 通知公告按钮
insert into sys_menu values('1035', '公告查询', '107', '1', '#', '', '', '', 1, 0, 'F', '0', '0', 'system:notice:query',        '#', 'admin', sysdate(), '', null, '');
insert into sys_menu values('1036', '公告新增', '107', '2', '#', '', '', '', 1, 0, 'F', '0', '0', 'system:notice:add',          '#', 'admin', sysdate(), '', null, '');
insert into sys_menu values('1037', '公告修改', '107', '3', '#', '', '', '', 1, 0, 'F', '0', '0', 'system:notice:edit',         '#', 'admin', sysdate(), '', null, '');
insert into sys_menu values('1038', '公告删除', '107', '4', '#', '', '', '', 1, 0, 'F', '0', '0', 'system:notice:remove',       '#', 'admin', sysdate(), '', null, '');
-- 操作日志按钮
insert into sys_menu values('1039', '操作查询', '500', '1', '#', '', '', '', 1, 0, 'F', '0', '0', 'monitor:operlog:query',      '#', 'admin', sysdate(), '', null, '');
insert into sys_menu values('1040', '操作删除', '500', '2', '#', '', '', '', 1, 0, 'F', '0', '0', 'monitor:operlog:remove',     '#', 'admin', sysdate(), '', null, '');
insert into sys_menu values('1041', '日志导出', '500', '3', '#', '', '', '', 1, 0, 'F', '0', '0', 'monitor:operlog:export',     '#', 'admin', sysdate(), '', null, '');
-- 登录日志按钮
insert into sys_menu values('1042', '登录查询', '501', '1', '#', '', '', '', 1, 0, 'F', '0', '0', 'monitor:logininfor:query',   '#', 'admin', sysdate(), '', null, '');
insert into sys_menu values('1043', '登录删除', '501', '2', '#', '', '', '', 1, 0, 'F', '0', '0', 'monitor:logininfor:remove',  '#', 'admin', sysdate(), '', null, '');
insert into sys_menu values('1044', '日志导出', '501', '3', '#', '', '', '', 1, 0, 'F', '0', '0', 'monitor:logininfor:export',  '#', 'admin', sysdate(), '', null, '');
insert into sys_menu values('1045', '账户解锁', '501', '4', '#', '', '', '', 1, 0, 'F', '0', '0', 'monitor:logininfor:unlock',  '#', 'admin', sysdate(), '', null, '');
-- 在线用户按钮
insert into sys_menu values('1046', '在线查询', '109', '1', '#', '', '', '', 1, 0, 'F', '0', '0', 'monitor:online:query',       '#', 'admin', sysdate(), '', null, '');
insert into sys_menu values('1047', '批量强退', '109', '2', '#', '', '', '', 1, 0, 'F', '0', '0', 'monitor:online:batchLogout', '#', 'admin', sysdate(), '', null, '');
insert into sys_menu values('1048', '单条强退', '109', '3', '#', '', '', '', 1, 0, 'F', '0', '0', 'monitor:online:forceLogout', '#', 'admin', sysdate(), '', null, '');
-- 定时任务按钮
insert into sys_menu values('1049', '任务查询', '110', '1', '#', '', '', '', 1, 0, 'F', '0', '0', 'monitor:job:query',          '#', 'admin', sysdate(), '', null, '');
insert into sys_menu values('1050', '任务新增', '110', '2', '#', '', '', '', 1, 0, 'F', '0', '0', 'monitor:job:add',            '#', 'admin', sysdate(), '', null, '');
insert into sys_menu values('1051', '任务修改', '110', '3', '#', '', '', '', 1, 0, 'F', '0', '0', 'monitor:job:edit',           '#', 'admin', sysdate(), '', null, '');
insert into sys_menu values('1052', '任务删除', '110', '4', '#', '', '', '', 1, 0, 'F', '0', '0', 'monitor:job:remove',         '#', 'admin', sysdate(), '', null, '');
insert into sys_menu values('1053', '状态修改', '110', '5', '#', '', '', '', 1, 0, 'F', '0', '0', 'monitor:job:changeStatus',   '#', 'admin', sysdate(), '', null, '');
insert into sys_menu values('1054', '任务导出', '110', '6', '#', '', '', '', 1, 0, 'F', '0', '0', 'monitor:job:export',         '#', 'admin', sysdate(), '', null, '');
-- 代码生成按钮
insert into sys_menu values('1055', '生成查询', '116', '1', '#', '', '', '', 1, 0, 'F', '0', '0', 'tool:gen:query',             '#', 'admin', sysdate(), '', null, '');
insert into sys_menu values('1056', '生成修改', '116', '2', '#', '', '', '', 1, 0, 'F', '0', '0', 'tool:gen:edit',              '#', 'admin', sysdate(), '', null, '');
insert into sys_menu values('1057', '生成删除', '116', '3', '#', '', '', '', 1, 0, 'F', '0', '0', 'tool:gen:remove',            '#', 'admin', sysdate(), '', null, '');
insert into sys_menu values('1058', '导入代码', '116', '4', '#', '', '', '', 1, 0, 'F', '0', '0', 'tool:gen:import',            '#', 'admin', sysdate(), '', null, '');
insert into sys_menu values('1059', '预览代码', '116', '5', '#', '', '', '', 1, 0, 'F', '0', '0', 'tool:gen:preview',           '#', 'admin', sysdate(), '', null, '');
insert into sys_menu values('1060', '生成代码', '116', '6', '#', '', '', '', 1, 0, 'F', '0', '0', 'tool:gen:code',              '#', 'admin', sysdate(), '', null, '');


-- ----------------------------
-- 6、用户和角色关联表  用户N-1角色
-- ----------------------------
drop table if exists sys_user_role;
create table sys_user_role (
  user_id   bigint(20) not null comment '用户ID',
  role_id   bigint(20) not null comment '角色ID',
  primary key(user_id, role_id)
) engine=innodb comment = '用户和角色关联表';

-- ----------------------------
-- 初始化-用户和角色关联表数据
-- ----------------------------
insert into sys_user_role values ('1', '1');
insert into sys_user_role values ('2', '2');


-- ----------------------------
-- 7、角色和菜单关联表  角色1-N菜单
-- ----------------------------
drop table if exists sys_role_menu;
create table sys_role_menu (
  role_id   bigint(20) not null comment '角色ID',
  menu_id   bigint(20) not null comment '菜单ID',
  primary key(role_id, menu_id)
) engine=innodb comment = '角色和菜单关联表';

-- ----------------------------
-- 初始化-角色和菜单关联表数据
-- ----------------------------
insert into sys_role_menu values ('2', '1');
insert into sys_role_menu values ('2', '2');
insert into sys_role_menu values ('2', '3');
insert into sys_role_menu values ('2', '4');
insert into sys_role_menu values ('2', '100');
insert into sys_role_menu values ('2', '101');
insert into sys_role_menu values ('2', '102');
insert into sys_role_menu values ('2', '103');
insert into sys_role_menu values ('2', '104');
insert into sys_role_menu values ('2', '105');
insert into sys_role_menu values ('2', '106');
insert into sys_role_menu values ('2', '107');
insert into sys_role_menu values ('2', '108');
insert into sys_role_menu values ('2', '109');
insert into sys_role_menu values ('2', '110');
insert into sys_role_menu values ('2', '111');
insert into sys_role_menu values ('2', '112');
insert into sys_role_menu values ('2', '113');
insert into sys_role_menu values ('2', '114');
insert into sys_role_menu values ('2', '115');
insert into sys_role_menu values ('2', '116');
insert into sys_role_menu values ('2', '117');
insert into sys_role_menu values ('2', '500');
insert into sys_role_menu values ('2', '501');
insert into sys_role_menu values ('2', '1000');
insert into sys_role_menu values ('2', '1001');
insert into sys_role_menu values ('2', '1002');
insert into sys_role_menu values ('2', '1003');
insert into sys_role_menu values ('2', '1004');
insert into sys_role_menu values ('2', '1005');
insert into sys_role_menu values ('2', '1006');
insert into sys_role_menu values ('2', '1007');
insert into sys_role_menu values ('2', '1008');
insert into sys_role_menu values ('2', '1009');
insert into sys_role_menu values ('2', '1010');
insert into sys_role_menu values ('2', '1011');
insert into sys_role_menu values ('2', '1012');
insert into sys_role_menu values ('2', '1013');
insert into sys_role_menu values ('2', '1014');
insert into sys_role_menu values ('2', '1015');
insert into sys_role_menu values ('2', '1016');
insert into sys_role_menu values ('2', '1017');
insert into sys_role_menu values ('2', '1018');
insert into sys_role_menu values ('2', '1019');
insert into sys_role_menu values ('2', '1020');
insert into sys_role_menu values ('2', '1021');
insert into sys_role_menu values ('2', '1022');
insert into sys_role_menu values ('2', '1023');
insert into sys_role_menu values ('2', '1024');
insert into sys_role_menu values ('2', '1025');
insert into sys_role_menu values ('2', '1026');
insert into sys_role_menu values ('2', '1027');
insert into sys_role_menu values ('2', '1028');
insert into sys_role_menu values ('2', '1029');
insert into sys_role_menu values ('2', '1030');
insert into sys_role_menu values ('2', '1031');
insert into sys_role_menu values ('2', '1032');
insert into sys_role_menu values ('2', '1033');
insert into sys_role_menu values ('2', '1034');
insert into sys_role_menu values ('2', '1035');
insert into sys_role_menu values ('2', '1036');
insert into sys_role_menu values ('2', '1037');
insert into sys_role_menu values ('2', '1038');
insert into sys_role_menu values ('2', '1039');
insert into sys_role_menu values ('2', '1040');
insert into sys_role_menu values ('2', '1041');
insert into sys_role_menu values ('2', '1042');
insert into sys_role_menu values ('2', '1043');
insert into sys_role_menu values ('2', '1044');
insert into sys_role_menu values ('2', '1045');
insert into sys_role_menu values ('2', '1046');
insert into sys_role_menu values ('2', '1047');
insert into sys_role_menu values ('2', '1048');
insert into sys_role_menu values ('2', '1049');
insert into sys_role_menu values ('2', '1050');
insert into sys_role_menu values ('2', '1051');
insert into sys_role_menu values ('2', '1052');
insert into sys_role_menu values ('2', '1053');
insert into sys_role_menu values ('2', '1054');
insert into sys_role_menu values ('2', '1055');
insert into sys_role_menu values ('2', '1056');
insert into sys_role_menu values ('2', '1057');
insert into sys_role_menu values ('2', '1058');
insert into sys_role_menu values ('2', '1059');
insert into sys_role_menu values ('2', '1060');

-- ----------------------------
-- 8、角色和部门关联表  角色1-N部门
-- ----------------------------
drop table if exists sys_role_dept;
create table sys_role_dept (
  role_id   bigint(20) not null comment '角色ID',
  dept_id   bigint(20) not null comment '部门ID',
  primary key(role_id, dept_id)
) engine=innodb comment = '角色和部门关联表';

-- ----------------------------
-- 初始化-角色和部门关联表数据
-- ----------------------------
insert into sys_role_dept values ('2', '100');
insert into sys_role_dept values ('2', '101');
insert into sys_role_dept values ('2', '105');


-- ----------------------------
-- 9、用户与岗位关联表  用户1-N岗位
-- ----------------------------
drop table if exists sys_user_post;
create table sys_user_post
(
  user_id   bigint(20) not null comment '用户ID',
  post_id   bigint(20) not null comment '岗位ID',
  primary key (user_id, post_id)
) engine=innodb comment = '用户与岗位关联表';

-- ----------------------------
-- 初始化-用户与岗位关联表数据
-- ----------------------------
insert into sys_user_post values ('1', '1');
insert into sys_user_post values ('2', '2');


-- ----------------------------
-- 10、操作日志记录
-- ----------------------------
drop table if exists sys_oper_log;
create table sys_oper_log (
  oper_id           bigint(20)      not null auto_increment    comment '日志主键',
  title             varchar(50)     default ''                 comment '模块标题',
  business_type     int(2)          default 0                  comment '业务类型（0其它 1新增 2修改 3删除）',
  method            varchar(200)    default ''                 comment '方法名称',
  request_method    varchar(10)     default ''                 comment '请求方式',
  operator_type     int(1)          default 0                  comment '操作类别（0其它 1后台用户 2手机端用户）',
  oper_name         varchar(50)     default ''                 comment '操作人员',
  dept_name         varchar(50)     default ''                 comment '部门名称',
  oper_url          varchar(255)    default ''                 comment '请求URL',
  oper_ip           varchar(128)    default ''                 comment '主机地址',
  oper_location     varchar(255)    default ''                 comment '操作地点',
  oper_param        varchar(2000)   default ''                 comment '请求参数',
  json_result       varchar(2000)   default ''                 comment '返回参数',
  status            int(1)          default 0                  comment '操作状态（0正常 1异常）',
  error_msg         varchar(2000)   default ''                 comment '错误消息',
  oper_time         datetime                                   comment '操作时间',
  cost_time         bigint(20)      default 0                  comment '消耗时间',
  primary key (oper_id),
  key idx_sys_oper_log_bt (business_type),
  key idx_sys_oper_log_s  (status),
  key idx_sys_oper_log_ot (oper_time)
) engine=innodb auto_increment=100 comment = '操作日志记录';


-- ----------------------------
-- 11、字典类型表
-- ----------------------------
drop table if exists sys_dict_type;
create table sys_dict_type
(
  dict_id          bigint(20)      not null auto_increment    comment '字典主键',
  dict_name        varchar(100)    default ''                 comment '字典名称',
  dict_type        varchar(100)    default ''                 comment '字典类型',
  status           char(1)         default '0'                comment '状态（0正常 1停用）',
  create_by        varchar(64)     default ''                 comment '创建者',
  create_time      datetime                                   comment '创建时间',
  update_by        varchar(64)     default ''                 comment '更新者',
  update_time      datetime                                   comment '更新时间',
  remark           varchar(500)    default null               comment '备注',
  primary key (dict_id),
  unique (dict_type)
) engine=innodb auto_increment=100 comment = '字典类型表';

insert into sys_dict_type values(1,  '用户性别', 'sys_user_sex',        '0', 'admin', sysdate(), '', null, '用户性别列表');
insert into sys_dict_type values(2,  '菜单状态', 'sys_show_hide',       '0', 'admin', sysdate(), '', null, '菜单状态列表');
insert into sys_dict_type values(3,  '系统开关', 'sys_normal_disable',  '0', 'admin', sysdate(), '', null, '系统开关列表');
insert into sys_dict_type values(4,  '任务状态', 'sys_job_status',      '0', 'admin', sysdate(), '', null, '任务状态列表');
insert into sys_dict_type values(5,  '任务分组', 'sys_job_group',       '0', 'admin', sysdate(), '', null, '任务分组列表');
insert into sys_dict_type values(6,  '系统是否', 'sys_yes_no',          '0', 'admin', sysdate(), '', null, '系统是否列表');
insert into sys_dict_type values(7,  '通知类型', 'sys_notice_type',     '0', 'admin', sysdate(), '', null, '通知类型列表');
insert into sys_dict_type values(8,  '通知状态', 'sys_notice_status',   '0', 'admin', sysdate(), '', null, '通知状态列表');
insert into sys_dict_type values(9,  '操作类型', 'sys_oper_type',       '0', 'admin', sysdate(), '', null, '操作类型列表');
insert into sys_dict_type values(10, '系统状态', 'sys_common_status',   '0', 'admin', sysdate(), '', null, '登录状态列表');


-- ----------------------------
-- 12、字典数据表
-- ----------------------------
drop table if exists sys_dict_data;
create table sys_dict_data
(
  dict_code        bigint(20)      not null auto_increment    comment '字典编码',
  dict_sort        int(4)          default 0                  comment '字典排序',
  dict_label       varchar(100)    default ''                 comment '字典标签',
  dict_value       varchar(100)    default ''                 comment '字典键值',
  dict_type        varchar(100)    default ''                 comment '字典类型',
  css_class        varchar(100)    default null               comment '样式属性（其他样式扩展）',
  list_class       varchar(100)    default null               comment '表格回显样式',
  is_default       char(1)         default 'N'                comment '是否默认（Y是 N否）',
  status           char(1)         default '0'                comment '状态（0正常 1停用）',
  create_by        varchar(64)     default ''                 comment '创建者',
  create_time      datetime                                   comment '创建时间',
  update_by        varchar(64)     default ''                 comment '更新者',
  update_time      datetime                                   comment '更新时间',
  remark           varchar(500)    default null               comment '备注',
  primary key (dict_code)
) engine=innodb auto_increment=100 comment = '字典数据表';

insert into sys_dict_data values(1,  1,  '男',       '0',       'sys_user_sex',        '',   '',        'Y', '0', 'admin', sysdate(), '', null, '性别男');
insert into sys_dict_data values(2,  2,  '女',       '1',       'sys_user_sex',        '',   '',        'N', '0', 'admin', sysdate(), '', null, '性别女');
insert into sys_dict_data values(3,  3,  '未知',     '2',       'sys_user_sex',        '',   '',        'N', '0', 'admin', sysdate(), '', null, '性别未知');
insert into sys_dict_data values(4,  1,  '显示',     '0',       'sys_show_hide',       '',   'primary', 'Y', '0', 'admin', sysdate(), '', null, '显示菜单');
insert into sys_dict_data values(5,  2,  '隐藏',     '1',       'sys_show_hide',       '',   'danger',  'N', '0', 'admin', sysdate(), '', null, '隐藏菜单');
insert into sys_dict_data values(6,  1,  '正常',     '0',       'sys_normal_disable',  '',   'primary', 'Y', '0', 'admin', sysdate(), '', null, '正常状态');
insert into sys_dict_data values(7,  2,  '停用',     '1',       'sys_normal_disable',  '',   'danger',  'N', '0', 'admin', sysdate(), '', null, '停用状态');
insert into sys_dict_data values(8,  1,  '正常',     '0',       'sys_job_status',      '',   'primary', 'Y', '0', 'admin', sysdate(), '', null, '正常状态');
insert into sys_dict_data values(9,  2,  '暂停',     '1',       'sys_job_status',      '',   'danger',  'N', '0', 'admin', sysdate(), '', null, '停用状态');
insert into sys_dict_data values(10, 1,  '默认',     'DEFAULT', 'sys_job_group',       '',   '',        'Y', '0', 'admin', sysdate(), '', null, '默认分组');
insert into sys_dict_data values(11, 2,  '系统',     'SYSTEM',  'sys_job_group',       '',   '',        'N', '0', 'admin', sysdate(), '', null, '系统分组');
insert into sys_dict_data values(12, 1,  '是',       'Y',       'sys_yes_no',          '',   'primary', 'Y', '0', 'admin', sysdate(), '', null, '系统默认是');
insert into sys_dict_data values(13, 2,  '否',       'N',       'sys_yes_no',          '',   'danger',  'N', '0', 'admin', sysdate(), '', null, '系统默认否');
insert into sys_dict_data values(14, 1,  '通知',     '1',       'sys_notice_type',     '',   'warning', 'Y', '0', 'admin', sysdate(), '', null, '通知');
insert into sys_dict_data values(15, 2,  '公告',     '2',       'sys_notice_type',     '',   'success', 'N', '0', 'admin', sysdate(), '', null, '公告');
insert into sys_dict_data values(16, 1,  '正常',     '0',       'sys_notice_status',   '',   'primary', 'Y', '0', 'admin', sysdate(), '', null, '正常状态');
insert into sys_dict_data values(17, 2,  '关闭',     '1',       'sys_notice_status',   '',   'danger',  'N', '0', 'admin', sysdate(), '', null, '关闭状态');
insert into sys_dict_data values(18, 99, '其他',     '0',       'sys_oper_type',       '',   'info',    'N', '0', 'admin', sysdate(), '', null, '其他操作');
insert into sys_dict_data values(19, 1,  '新增',     '1',       'sys_oper_type',       '',   'info',    'N', '0', 'admin', sysdate(), '', null, '新增操作');
insert into sys_dict_data values(20, 2,  '修改',     '2',       'sys_oper_type',       '',   'info',    'N', '0', 'admin', sysdate(), '', null, '修改操作');
insert into sys_dict_data values(21, 3,  '删除',     '3',       'sys_oper_type',       '',   'danger',  'N', '0', 'admin', sysdate(), '', null, '删除操作');
insert into sys_dict_data values(22, 4,  '授权',     '4',       'sys_oper_type',       '',   'primary', 'N', '0', 'admin', sysdate(), '', null, '授权操作');
insert into sys_dict_data values(23, 5,  '导出',     '5',       'sys_oper_type',       '',   'warning', 'N', '0', 'admin', sysdate(), '', null, '导出操作');
insert into sys_dict_data values(24, 6,  '导入',     '6',       'sys_oper_type',       '',   'warning', 'N', '0', 'admin', sysdate(), '', null, '导入操作');
insert into sys_dict_data values(25, 7,  '强退',     '7',       'sys_oper_type',       '',   'danger',  'N', '0', 'admin', sysdate(), '', null, '强退操作');
insert into sys_dict_data values(26, 8,  '生成代码', '8',       'sys_oper_type',       '',   'warning', 'N', '0', 'admin', sysdate(), '', null, '生成操作');
insert into sys_dict_data values(27, 9,  '清空数据', '9',       'sys_oper_type',       '',   'danger',  'N', '0', 'admin', sysdate(), '', null, '清空操作');
insert into sys_dict_data values(28, 1,  '成功',     '0',       'sys_common_status',   '',   'primary', 'N', '0', 'admin', sysdate(), '', null, '正常状态');
insert into sys_dict_data values(29, 2,  '失败',     '1',       'sys_common_status',   '',   'danger',  'N', '0', 'admin', sysdate(), '', null, '停用状态');


-- ----------------------------
-- 13、参数配置表
-- ----------------------------
drop table if exists sys_config;
create table sys_config (
  config_id         int(5)          not null auto_increment    comment '参数主键',
  config_name       varchar(100)    default ''                 comment '参数名称',
  config_key        varchar(100)    default ''                 comment '参数键名',
  config_value      varchar(500)    default ''                 comment '参数键值',
  config_type       char(1)         default 'N'                comment '系统内置（Y是 N否）',
  create_by         varchar(64)     default ''                 comment '创建者',
  create_time       datetime                                   comment '创建时间',
  update_by         varchar(64)     default ''                 comment '更新者',
  update_time       datetime                                   comment '更新时间',
  remark            varchar(500)    default null               comment '备注',
  primary key (config_id)
) engine=innodb auto_increment=100 comment = '参数配置表';

insert into sys_config values(1, '主框架页-默认皮肤样式名称',     'sys.index.skinName',               'skin-blue',     'Y', 'admin', sysdate(), '', null, '蓝色 skin-blue、绿色 skin-green、紫色 skin-purple、红色 skin-red、黄色 skin-yellow' );
insert into sys_config values(2, '用户管理-账号初始密码',         'sys.user.initPassword',            '123456',        'Y', 'admin', sysdate(), '', null, '初始化密码 123456' );
insert into sys_config values(3, '主框架页-侧边栏主题',           'sys.index.sideTheme',              'theme-dark',    'Y', 'admin', sysdate(), '', null, '深色主题theme-dark，浅色主题theme-light' );
insert into sys_config values(4, '账号自助-验证码开关',           'sys.account.captchaEnabled',       'true',          'Y', 'admin', sysdate(), '', null, '是否开启验证码功能（true开启，false关闭）');
insert into sys_config values(5, '账号自助-是否开启用户注册功能', 'sys.account.registerUser',         'false',         'Y', 'admin', sysdate(), '', null, '是否开启注册用户功能（true开启，false关闭）');
insert into sys_config values(6, '用户登录-黑名单列表',           'sys.login.blackIPList',            '',              'Y', 'admin', sysdate(), '', null, '设置登录IP黑名单限制，多个匹配项以;分隔，支持匹配（*通配、网段）');
insert into sys_config values(7, '用户管理-初始密码修改策略',     'sys.account.initPasswordModify',   '1',             'Y', 'admin', sysdate(), '', null, '0：初始密码修改策略关闭，没有任何提示，1：提醒用户，如果未修改初始密码，则在登录时就会提醒修改密码对话框');
insert into sys_config values(8, '用户管理-账号密码更新周期',     'sys.account.passwordValidateDays', '0',             'Y', 'admin', sysdate(), '', null, '密码更新周期（填写数字，数据初始化值为0不限制，若修改必须为大于0小于365的正整数），如果超过这个周期登录系统时，则在登录时就会提醒修改密码对话框');
insert into sys_config values(9, '用户管理-密码字符范围',         'sys.account.chrtype',              '0',             'Y', 'admin', sysdate(), '', null, '默认任意字符范围，0任意（密码可以输入任意字符），1数字（密码只能为0-9数字），2英文字母（密码只能为a-z和A-Z字母），3字母和数字（密码必须包含字母，数字）,4字母数字和特殊字符（目前支持的特殊字符包括：~!@#$%^&*()-=_+）');


-- ----------------------------
-- 14、系统访问记录
-- ----------------------------
drop table if exists sys_logininfor;
create table sys_logininfor (
  info_id        bigint(20)     not null auto_increment   comment '访问ID',
  user_name      varchar(50)    default ''                comment '用户账号',
  ipaddr         varchar(128)   default ''                comment '登录IP地址',
  login_location varchar(255)   default ''                comment '登录地点',
  browser        varchar(50)    default ''                comment '浏览器类型',
  os             varchar(50)    default ''                comment '操作系统',
  status         char(1)        default '0'               comment '登录状态（0成功 1失败）',
  msg            varchar(255)   default ''                comment '提示消息',
  login_time     datetime                                 comment '访问时间',
  primary key (info_id),
  key idx_sys_logininfor_s  (status),
  key idx_sys_logininfor_lt (login_time)
) engine=innodb auto_increment=100 comment = '系统访问记录';


-- ----------------------------
-- 15、定时任务调度表
-- ----------------------------
drop table if exists sys_job;
create table sys_job (
  job_id              bigint(20)    not null auto_increment    comment '任务ID',
  job_name            varchar(64)   default ''                 comment '任务名称',
  job_group           varchar(64)   default 'DEFAULT'          comment '任务组名',
  invoke_target       varchar(500)  not null                   comment '调用目标字符串',
  cron_expression     varchar(255)  default ''                 comment 'cron执行表达式',
  misfire_policy      varchar(20)   default '3'                comment '计划执行错误策略（1立即执行 2执行一次 3放弃执行）',
  concurrent          char(1)       default '1'                comment '是否并发执行（0允许 1禁止）',
  status              char(1)       default '0'                comment '状态（0正常 1暂停）',
  create_by           varchar(64)   default ''                 comment '创建者',
  create_time         datetime                                 comment '创建时间',
  update_by           varchar(64)   default ''                 comment '更新者',
  update_time         datetime                                 comment '更新时间',
  remark              varchar(500)  default ''                 comment '备注信息',
  primary key (job_id, job_name, job_group)
) engine=innodb auto_increment=100 comment = '定时任务调度表';

insert into sys_job values(1, '系统默认（无参）', 'DEFAULT', 'xhBookstoreTask.xhBookstoreNoParams',        '0/10 * * * * ?', '3', '1', '1', 'admin', sysdate(), '', null, '');
insert into sys_job values(2, '系统默认（有参）', 'DEFAULT', 'ryTask.ryParams(\'ry\')',  '0/15 * * * * ?', '3', '1', '1', 'admin', sysdate(), '', null, '');
insert into sys_job values(3, '系统默认（多参）', 'DEFAULT', 'ryTask.ryMultipleParams(\'ry\', true, 2000L, 316.50D, 100)',  '0/20 * * * * ?', '3', '1', '1', 'admin', sysdate(), '', null, '');


-- ----------------------------
-- 16、定时任务调度日志表
-- ----------------------------
drop table if exists sys_job_log;
create table sys_job_log (
  job_log_id          bigint(20)     not null auto_increment    comment '任务日志ID',
  job_name            varchar(64)    not null                   comment '任务名称',
  job_group           varchar(64)    not null                   comment '任务组名',
  invoke_target       varchar(500)   not null                   comment '调用目标字符串',
  job_message         varchar(500)                              comment '日志信息',
  status              char(1)        default '0'                comment '执行状态（0正常 1失败）',
  exception_info      varchar(2000)  default ''                 comment '异常信息',
  start_time          datetime                                  comment '执行开始时间',
  end_time            datetime                                  comment '执行结束时间',
  create_time         datetime                                  comment '创建时间',
  primary key (job_log_id)
) engine=innodb comment = '定时任务调度日志表';


-- ----------------------------
-- 17、通知公告表
-- ----------------------------
drop table if exists sys_notice;
create table sys_notice (
  notice_id         int(4)          not null auto_increment    comment '公告ID',
  notice_title      varchar(50)     not null                   comment '公告标题',
  notice_type       char(1)         not null                   comment '公告类型（1通知 2公告）',
  notice_content    longblob        default null               comment '公告内容',
  status            char(1)         default '0'                comment '公告状态（0正常 1关闭）',
  create_by         varchar(64)     default ''                 comment '创建者',
  create_time       datetime                                   comment '创建时间',
  update_by         varchar(64)     default ''                 comment '更新者',
  update_time       datetime                                   comment '更新时间',
  remark            varchar(255)    default null               comment '备注',
  primary key (notice_id)
) engine=innodb auto_increment=10 comment = '通知公告表';

-- ----------------------------
-- 初始化-公告信息表数据
-- ----------------------------
insert into sys_notice values('1', '温馨提醒：2018-07-01 书城新版本发布啦', '2', '新版本内容', '0', 'admin', sysdate(), '', null, '管理员');
insert into sys_notice values('2', '维护通知：2018-07-01 书城系统凌晨维护', '1', '维护内容',   '0', 'admin', sysdate(), '', null, '管理员');
insert into sys_notice values('3', '书城开源框架介绍', '1', '<p><span style=\"color: rgb(230, 0, 0);\">项目介绍</span></p><p><font color=\"#333333\">XhBookstore开源项目是为企业用户定制的后台脚手架框架，为企业打造的一站式解决方案，降低企业开发成本，提升开发效率。主要包括用户管理、角色管理、部门管理、菜单管理、参数管理、字典管理、</font><span style=\"color: rgb(51, 51, 51);\">岗位管理</span><span style=\"color: rgb(51, 51, 51);\">、定时任务</span><span style=\"color: rgb(51, 51, 51);\">、</span><span style=\"color: rgb(51, 51, 51);\">服务监控、登录日志、操作日志、代码生成等功能。其中，还支持多数据源、数据权限、国际化、Redis缓存、Docker部署、滑动验证码、第三方认证登录、分布式事务、</span><font color=\"#333333\">分布式文件存储</font><span style=\"color: rgb(51, 51, 51);\">、分库分表处理等技术特点。</span></p><p><img src=\"https://foruda.gitee.com/images/1773931848342439032/a4d22313_1815095.png\" style=\"width: 64px;\"><br></p><p><span style=\"color: rgb(230, 0, 0);\">官网及演示</span></p><p><span style=\"color: rgb(51, 51, 51);\">书城官网地址：&nbsp;</span><a href=\"http://xhbookstore.com\" target=\"_blank\">http://xhbookstore.com</a><a href=\"http://xhbookstore.com\" target=\"_blank\"></a></p><p><span style=\"color: rgb(51, 51, 51);\">书城文档地址：&nbsp;</span><a href=\"http://doc.xhbookstore.com\" target=\"_blank\">http://doc.xhbookstore.com</a><br></p><p><span style=\"color: rgb(51, 51, 51);\">演示地址【不分离版】：&nbsp;</span><a href=\"http://demo.xhbookstore.com\" target=\"_blank\">http://demo.xhbookstore.com</a></p><p><span style=\"color: rgb(51, 51, 51);\">演示地址【分离版本】：&nbsp;</span><a href=\"http://vue.xhbookstore.com\" target=\"_blank\">http://vue.xhbookstore.com</a></p><p><span style=\"color: rgb(51, 51, 51);\">演示地址【微服务版】：&nbsp;</span><a href=\"http://cloud.xhbookstore.com\" target=\"_blank\">http://cloud.xhbookstore.com</a></p><p><span style=\"color: rgb(51, 51, 51);\">演示地址【移动端版】：&nbsp;</span><a href=\"http://h5.xhbookstore.com\" target=\"_blank\">http://h5.xhbookstore.com</a></p><p><br style=\"color: rgb(48, 49, 51); font-family: &quot;Helvetica Neue&quot;, Helvetica, Arial, sans-serif; font-size: 12px;\"></p>', '0', 'admin', sysdate(), '', null, '管理员');


-- ----------------------------
-- 18、公告已读记录表
-- ----------------------------
drop table if exists sys_notice_read;
create table sys_notice_read (
  read_id          bigint(20)       not null auto_increment    comment '已读主键',
  notice_id        int(4)           not null                   comment '公告id',
  user_id          bigint(20)       not null                   comment '用户id',
  read_time        datetime         not null                   comment '阅读时间',
  primary key (read_id),
  unique key uk_user_notice (user_id, notice_id)   comment '同一用户同一公告只记录一次'
) engine=innodb auto_increment=1 comment='公告已读记录表';


-- ----------------------------
-- 19、代码生成业务表
-- ----------------------------
drop table if exists gen_table;
create table gen_table (
  table_id          bigint(20)      not null auto_increment    comment '编号',
  table_name        varchar(200)    default ''                 comment '表名称',
  table_comment     varchar(500)    default ''                 comment '表描述',
  sub_table_name    varchar(64)     default null               comment '关联子表的表名',
  sub_table_fk_name varchar(64)     default null               comment '子表关联的外键名',
  class_name        varchar(100)    default ''                 comment '实体类名称',
  tpl_category      varchar(200)    default 'crud'             comment '使用的模板（crud单表操作 tree树表操作）',
  tpl_web_type      varchar(30)     default ''                 comment '前端模板类型（element-ui模版 element-plus模版）',
  package_name      varchar(100)                               comment '生成包路径',
  module_name       varchar(30)                                comment '生成模块名',
  business_name     varchar(30)                                comment '生成业务名',
  function_name     varchar(50)                                comment '生成功能名',
  function_author   varchar(50)                                comment '生成功能作者',
  form_col_num      int(1)          default 1                  comment '表单布局（单列 双列 三列）',
  gen_type          char(1)         default '0'                comment '生成代码方式（0zip压缩包 1自定义路径）',
  gen_path          varchar(200)    default '/'                comment '生成路径（不填默认项目路径）',
  options           varchar(1000)                              comment '其它生成选项',
  create_by         varchar(64)     default ''                 comment '创建者',
  create_time 	    datetime                                   comment '创建时间',
  update_by         varchar(64)     default ''                 comment '更新者',
  update_time       datetime                                   comment '更新时间',
  remark            varchar(500)    default null               comment '备注',
  primary key (table_id)
) engine=innodb auto_increment=1 comment = '代码生成业务表';


-- ----------------------------
-- 20、代码生成业务表字段
-- ----------------------------
drop table if exists gen_table_column;
create table gen_table_column (
  column_id         bigint(20)      not null auto_increment    comment '编号',
  table_id          bigint(20)                                 comment '归属表编号',
  column_name       varchar(200)                               comment '列名称',
  column_comment    varchar(500)                               comment '列描述',
  column_type       varchar(100)                               comment '列类型',
  java_type         varchar(500)                               comment 'JAVA类型',
  java_field        varchar(200)                               comment 'JAVA字段名',
  is_pk             char(1)                                    comment '是否主键（1是）',
  is_increment      char(1)                                    comment '是否自增（1是）',
  is_required       char(1)                                    comment '是否必填（1是）',
  is_insert         char(1)                                    comment '是否为插入字段（1是）',
  is_edit           char(1)                                    comment '是否编辑字段（1是）',
  is_list           char(1)                                    comment '是否列表字段（1是）',
  is_query          char(1)                                    comment '是否查询字段（1是）',
  query_type        varchar(200)    default 'EQ'               comment '查询方式（等于、不等于、大于、小于、范围）',
  html_type         varchar(200)                               comment '显示类型（文本框、文本域、下拉框、复选框、单选框、日期控件）',
  dict_type         varchar(200)    default ''                 comment '字典类型',
  sort              int                                        comment '排序',
  create_by         varchar(64)     default ''                 comment '创建者',
  create_time 	    datetime                                   comment '创建时间',
  update_by         varchar(64)     default ''                 comment '更新者',
  update_time       datetime                                   comment '更新时间',
  primary key (column_id)
) engine=innodb auto_increment=1 comment = '代码生成业务表字段';


-- ============================================================
-- 21、会员相关表
-- ============================================================

-- ----------------------------
-- 21.1 卡类型表
-- ----------------------------
drop table if exists card_type;
create table card_type (
  id              int             not null auto_increment    comment '主键',
  type_name       varchar(50)     not null                   comment '卡类型名称',
  valid_days      int             not null default 0         comment '有效天数',
  is_renewal      tinyint         default 0                  comment '是否续费卡：0-新卡，1-续费卡',
  status          tinyint         default 0                  comment '状态：0-正常，1-停用',
  primary key (id)
) engine=innodb auto_increment=1 comment='卡类型表';

insert into card_type values (1, '年卡', 365, 0, 0);
insert into card_type values (2, '半年卡', 180, 0, 0);
insert into card_type values (3, '续费年卡', 365, 1, 0);
insert into card_type values (4, '续费半年卡', 180, 1, 0);

-- ----------------------------
-- 21.2 会员等级表
-- ----------------------------
drop table if exists member_level;
create table member_level (
  id              int             not null auto_increment    comment '主键',
  level_name      varchar(50)     not null                   comment '等级名称',
  discount        decimal(5,2)    default 1.00               comment '折扣率',
  status          tinyint         default 0                  comment '状态：0-正常，1-停用',
  primary key (id)
) engine=innodb auto_increment=1 comment='会员等级表';

insert into member_level values (1, '普通会员', 1.00, 0);

-- ----------------------------
-- 21.3 会员主表
-- ----------------------------
drop table if exists member;
create table member (
  id                  int             not null auto_increment    comment '主键',
  card_no             varchar(50)     not null                   comment '会员卡号',
  name                varchar(50)     default null               comment '会员姓名',
  phone               varchar(20)     default null               comment '手机号',
  card_type_id        int             default null               comment '卡类型ID，关联card_type表',
  level_id            int             default null               comment '会员等级ID，关联member_level表',
  dept_id             bigint(20)      default null               comment '所属部门ID，关联sys_dept表',
  valid_date          date            default null               comment '会员有效期',
  status              tinyint         default 0                  comment '状态：0-正常，1-删除',
  borrow_count_valid  int             default 0                  comment '可借阅数量',
  current_points      int             default 0                  comment '当前积分/书城币余额',
  remark              text            default null               comment '备注',
  last_operator       varchar(50)     default null               comment '最后操作人',
  source              varchar(20)     default 'manual'           comment '来源：manual-手动录入，import-批量导入',
  sync_erp            tinyint(1)      default 0                  comment '是否同步ERP：0-未同步，1-已同步',
  created_at          datetime        default current_timestamp  comment '创建时间',
  updated_at          datetime        default current_timestamp on update current_timestamp comment '修改时间',
  primary key (id),
  unique key uk_card_no (card_no),
  key idx_phone (phone),
  key idx_dept_id (dept_id),
  key idx_valid_date (valid_date)
) engine=innodb auto_increment=1 default charset=utf8mb4 comment='会员主表';

-- ----------------------------
-- 21.4 会员扩展表
-- ----------------------------
drop table if exists member_ext;
create table member_ext (
  id                      int             not null auto_increment    comment '主键',
  member_id               int             not null                   comment '会员ID，关联member表',
  gender                  enum('男','女') default null               comment '性别',
  age                     int             default null               comment '年龄',
  unit_phone              varchar(20)     default null               comment '单位电话',
  wechat                  varchar(50)     default null               comment '微信号',
  weibo                   varchar(50)     default null               comment '微博号',
  join_date               date            default null               comment '入会日期',
  total_points            int             default 0                  comment '累计积分',
  level_points            int             default 0                  comment '等级积分',
  discount                decimal(5,2)    default null               comment '折扣率',
  total_purchase_amount   decimal(10,2)   default 0.00               comment '累计消费金额',
  total_purchase_count    int             default 0                  comment '累计消费数量',
  total_purchase_times    int             default 0                  comment '累计消费次数',
  superior_name           varchar(50)     default null               comment '上级推荐人姓名',
  superior_points_ratio   decimal(5,2)    default null               comment '上级积分比例',
  business_staff_name     varchar(50)     default null               comment '业务员姓名',
  excel_raw_data          longtext        default null               comment '导入时的原始Excel数据',
  created_at              datetime        default current_timestamp  comment '创建时间',
  updated_at              datetime        default current_timestamp on update current_timestamp comment '修改时间',
  primary key (id),
  unique key uk_member_id (member_id)
) engine=innodb auto_increment=1 default charset=utf8mb4 comment='会员扩展信息表';

-- ----------------------------
-- 21.5 会员导入日志表
-- ----------------------------
drop table if exists member_import_log;
create table member_import_log (
  id                int             not null auto_increment    comment '主键',
  operator          varchar(50)     not null                   comment '操作人',
  import_time       datetime        default current_timestamp  comment '导入时间',
  file_name         varchar(255)    default null               comment '导入文件名',
  total_records     int             default 0                  comment '总记录数',
  success_records   int             default 0                  comment '成功记录数',
  fail_records      int             default 0                  comment '失败记录数',
  original_content  longtext        default null               comment '原始文件内容',
  error_log         text            default null               comment '错误日志',
  remark            varchar(255)    default null               comment '备注',
  created_at        datetime        default current_timestamp  comment '创建时间',
  primary key (id)
) engine=innodb auto_increment=1 default charset=utf8mb4 comment='会员导入日志表';

-- ----------------------------
-- 21.6 会员导入明细表
-- ----------------------------
drop table if exists member_import_detail;
create table member_import_detail (
  id                int             not null auto_increment    comment '主键',
  log_id            int             not null                   comment '导入日志ID，关联member_import_log表',
  row_index         int             default null               comment 'Excel行号',
  card_no           varchar(50)     default null               comment '会员卡号',
  name              varchar(50)     default null               comment '会员姓名',
  phone             varchar(20)     default null               comment '手机号',
  card_type_name    varchar(50)     default null               comment '卡类型名称',
  level_name        varchar(50)     default null               comment '等级名称',
  valid_date        date            default null               comment '有效期',
  update_time       datetime        default null               comment '更新时间',
  import_status     tinyint         default 0                  comment '导入状态：0-待导入，1-导入成功，2-导入失败',
  member_id         int             default null               comment '导入成功后关联的会员ID',
  error_msg         varchar(500)    default null               comment '错误信息',
  created_at        datetime        default current_timestamp  comment '创建时间',
  primary key (id)
) engine=innodb auto_increment=1 default charset=utf8mb4 comment='会员导入明细表';


-- ============================================================
-- 22、积分/书城币相关表
-- ============================================================

-- ----------------------------
-- 22.1 书城币订单表
-- ----------------------------
drop table if exists xhbs_points_order;
CREATE TABLE `xhbs_points_order` (
  `id` int(11) NOT NULL AUTO_INCREMENT COMMENT '主键',
  `order_number` varchar(50) NOT NULL COMMENT '订单号:系统生成，发钱用IN开头，核销用OT开头，过期用EX开头, 退回用BK开头',
  `open_id` varchar(50) NOT NULL COMMENT '用户Open_id',
  `card_no` varchar(50) NOT NULL COMMENT '会员码',
  `member_id` int(11) NOT NULL COMMENT '用户Id-member表的id',
  `app_order_number` varchar(50) NOT NULL COMMENT '外部平台订单号--预留字段',
  `amount` int(11) NOT NULL DEFAULT '0' COMMENT '订单金额',
  `description` varchar(255) NOT NULL DEFAULT '' COMMENT '订单描述',
  `type` int(11) NOT NULL DEFAULT '1' COMMENT '订单类型：1.虚拟,2.实体--预留字段',
  `custom_args` varchar(500) NOT NULL DEFAULT '' COMMENT '自定义参数:用于溯源，闭环',
  `completed_time` datetime NOT NULL DEFAULT '1970-01-01 00:00:00' COMMENT '订单完成时间',
  `order_time` datetime NOT NULL DEFAULT CURRENT_TIMESTAMP COMMENT '订单下单时间',
  `client_ip` varchar(100) DEFAULT '0.0.0.0' COMMENT '用户ip',
  `item_id` varchar(50) NOT NULL DEFAULT '' COMMENT '商品唯一标识--预留字段',
  `item_name` varchar(50) NOT NULL DEFAULT '' COMMENT '商品名称--预留字段',
  `price` int(11) NOT NULL DEFAULT '0' COMMENT '原价',
  `discounted_price` int(11) DEFAULT '0' NOT NULL COMMENT '折扣价',
  `operation_device` varchar(20) DEFAULT NULL COMMENT '操作设备（PC/小程序/POS）',
  `created_at` datetime NOT NULL DEFAULT CURRENT_TIMESTAMP COMMENT '创建时间',
  `updated_at` datetime NOT NULL DEFAULT CURRENT_TIMESTAMP ON UPDATE CURRENT_TIMESTAMP COMMENT '修改时间',
  `is_del` int(2) NOT NULL DEFAULT '0' COMMENT '删除标识,0:正常,1:删除',
  `amount_type` int(11) NOT NULL DEFAULT '1' COMMENT '订单付款币种类型:1.人民币2.书城币--预留字段',
  `app_id` varchar(50) NOT NULL DEFAULT '' COMMENT '应用id--预留字段',
  `orgin_points` int(11) NOT NULL DEFAULT '0' COMMENT '操作前用户积分',
  `after_points` int(11) NOT NULL DEFAULT '0' COMMENT '操作后用户积分',
  PRIMARY KEY (`id`),
  UNIQUE KEY `uniq_order_number` (`order_number`) USING BTREE COMMENT '订单号唯一索引',
  KEY `idx_app_id_member_id_type` (`app_id`,`member_id`,`type`) USING BTREE COMMENT '应用id用户id订单类型索引'
) ENGINE=InnoDB DEFAULT CHARSET=utf8mb4 ROW_FORMAT=COMPRESSED KEY_BLOCK_SIZE=8 COMMENT='书城币订单表';

-- ----------------------------
-- 22.2 书城币入账待核销流水明细表
-- ----------------------------
drop table if exists xhbs_points_user_into_bill_detail;
CREATE TABLE `xhbs_points_user_into_bill_detail` (
  `id` bigint(20) unsigned NOT NULL AUTO_INCREMENT COMMENT '主键id',
  `member_id` int(11) NOT NULL DEFAULT '0' COMMENT '用户member表的id',
  `points` int(10) NOT NULL DEFAULT '0' COMMENT '书城币数量',
  `remaining_points` int(11) NOT NULL DEFAULT '0' COMMENT '书城币余额数量，出账扣减后的数量',
  `description` varchar(255) CHARACTER SET utf8 COLLATE utf8_bin NOT NULL COMMENT '获取书城币的描述信息',
  `order_no_src` varchar(100) CHARACTER SET utf8 COLLATE utf8_bin DEFAULT '' COMMENT '我方订单号——发放',
  `order_no_target` varchar(100) CHARACTER SET utf8 COLLATE utf8_bin DEFAULT '' COMMENT '对方订单号——发放',
  `activity_key` varchar(100) CHARACTER SET utf8 COLLATE utf8_bin DEFAULT '' COMMENT '活动Key--预留',
  `activity_name` varchar(100) CHARACTER SET utf8 COLLATE utf8_bin DEFAULT '' COMMENT '活动名称--预留',
  `event_key` varchar(100) CHARACTER SET utf8 COLLATE utf8_bin DEFAULT '' COMMENT '事件key--预留',
  `event_name` varchar(100) CHARACTER SET utf8 COLLATE utf8_bin DEFAULT '' COMMENT '事件名称--预留',
  `account_type` tinyint(4) NOT NULL DEFAULT '0' COMMENT '账户类型，0：常规账户，1：创作者激励账户',
  `bill_status` tinyint(4) NOT NULL DEFAULT '0' COMMENT '入账单状态，0：初始化，1：核销中，2：完全核销完毕',
  `is_white_order` tinyint(4) NOT NULL DEFAULT '0' COMMENT '是否是白名单账单 0:否，1:是 --预留账户',
  `expired_time` datetime DEFAULT '0000-00-00 00:00:00' COMMENT '白名单过期时间',
  `expired_timestamp` bigint(20) DEFAULT '0' COMMENT '白名单过期时间戳，13位时间戳',
  `is_del` tinyint(4) unsigned NOT NULL DEFAULT '0' COMMENT '是否删除；0-未删除，1-已删除，默认0',
  `created_at` datetime NOT NULL DEFAULT CURRENT_TIMESTAMP COMMENT '创建时间',
  `updated_at` datetime NOT NULL DEFAULT CURRENT_TIMESTAMP ON UPDATE CURRENT_TIMESTAMP COMMENT '修改时间',
  PRIMARY KEY (`id`,`created_at`),
  KEY `idx_created_at` (`created_at`),
  KEY `idx_member_id_bill_status_account_type_created_at` (`member_id`,`bill_status`,`account_type`,`created_at`) USING BTREE
) ENGINE=InnoDB DEFAULT CHARSET=utf8mb4 COMMENT='书城币入账待核销流水明细,用户扣减核销追溯使用';

-- ----------------------------
-- 22.3 书城币出账待核销流水明细表
-- ----------------------------
drop table if exists xhbs_points_user_out_bill_detail;
CREATE TABLE `xhbs_points_user_out_bill_detail` (
  `id` bigint(20) unsigned NOT NULL AUTO_INCREMENT COMMENT '主键id',
  `member_id` int(11) NOT NULL DEFAULT '0' COMMENT '用户member表的id',
  `points` int(10) NOT NULL DEFAULT '0' COMMENT '书城币数量',
  `remaining_points` int(11) NOT NULL DEFAULT '0' COMMENT '账单书城币余额数量，核销入账单后剩余的数量',
  `description` varchar(255) CHARACTER SET utf8 COLLATE utf8_bin NOT NULL COMMENT '获取书城币的描述信息',
  `channel` varchar(50) CHARACTER SET utf8 COLLATE utf8_bin DEFAULT '' COMMENT '渠道号',
  `order_no_src` varchar(100) CHARACTER SET utf8 COLLATE utf8_bin DEFAULT '' COMMENT '订单号——扣减',
  `activity_key` varchar(100) CHARACTER SET utf8 COLLATE utf8_bin DEFAULT '' COMMENT '活动Key--预留',
  `activity_name` varchar(100) CHARACTER SET utf8 COLLATE utf8_bin DEFAULT '' COMMENT '活动名称--预留',
  `event_key` varchar(100) CHARACTER SET utf8 COLLATE utf8_bin DEFAULT '' COMMENT '事件key--预留',
  `event_name` varchar(100) CHARACTER SET utf8 COLLATE utf8_bin DEFAULT '' COMMENT '事件名称--预留',
  `account_type` tinyint(4) NOT NULL DEFAULT '0' COMMENT '账户类型，0：常规账户，1：创作者激励账户--预留',
  `bill_status` tinyint(4) NOT NULL DEFAULT '0' COMMENT '出账单状态，0：初始化，1：核销中，2：完全核销完毕',
  `is_del` tinyint(4) unsigned NOT NULL DEFAULT '0' COMMENT '是否删除；0-未删除，1-已删除，默认0',
  `created_at` datetime NOT NULL DEFAULT CURRENT_TIMESTAMP COMMENT '创建时间',
  `updated_at` datetime NOT NULL DEFAULT CURRENT_TIMESTAMP ON UPDATE CURRENT_TIMESTAMP COMMENT '修改时间',
  PRIMARY KEY (`id`,`created_at`),
  KEY `idx_created_at` (`created_at`),
  KEY `idx_member_id_bill_status_account_type_created_at` (`member_id`,`bill_status`,`account_type`,`created_at`) USING BTREE
) ENGINE=InnoDB DEFAULT CHARSET=utf8mb4 COMMENT='书城币入账待核销流水明细,用户扣减核销追溯使用';

-- ----------------------------
-- 22.4 书城币核销明细表
-- ----------------------------
drop table if exists xhbs_points_user_bill_detail;
CREATE TABLE `xhbs_points_user_bill_detail` (
  `id` bigint(20) unsigned NOT NULL AUTO_INCREMENT COMMENT '主键id',
  `member_id` int(11) NOT NULL DEFAULT '0' COMMENT '用户member表的id',
  `into_bill_id` bigint(20) NOT NULL DEFAULT '0' COMMENT '入账单id',
  `out_bill_id` bigint(20) NOT NULL DEFAULT '0' COMMENT '出账单id',
  `points` int(10) NOT NULL DEFAULT '0' COMMENT '核销书城币数量',
  `account_type` tinyint(4) NOT NULL DEFAULT '0' COMMENT '入账单账户类型，0：常规账户，1：创作者激励账户 --预留字段',
  `is_del` tinyint(4) unsigned NOT NULL DEFAULT '0' COMMENT '是否删除；0-未删除，1-已删除，默认0',
  `created_at` datetime NOT NULL DEFAULT CURRENT_TIMESTAMP COMMENT '创建时间',
  `updated_at` datetime NOT NULL DEFAULT CURRENT_TIMESTAMP ON UPDATE CURRENT_TIMESTAMP COMMENT '修改时间',
  PRIMARY KEY (`id`,`created_at`),
  KEY `idx_created_at` (`created_at`),
  KEY `idx_member_id_created_at` (`member_id`,`created_at`) USING BTREE
) ENGINE=InnoDB DEFAULT CHARSET=utf8mb4 COMMENT='书城币入账待核销流水明细,用户扣减核销追溯使用';